record_id,split
train_0,train
train_1,train
train_10,train
train_100,train
train_1000,train
train_1001,train
train_1002,train
train_1003,train
train_1004,train
train_1005,train
train_1006,train
train_1007,train
train_1008,train
train_1009,train
train_101,train
train_1010,train
train_1011,train
train_1012,train
train_1013,train
train_1014,train
train_1015,train
train_1016,train
train_1017,train
train_1018,train
train_1019,train
train_102,train
train_1020,train
train_1021,train
train_1022,train
train_1023,train
train_1024,train
train_1025,train
train_1026,train
train_1027,train
train_1028,train
train_1029,train
train_103,train
train_1030,train
train_1031,train
train_1032,train
train_1033,train
train_1034,train
train_1035,train
train_1036,train
train_1037,train
train_1038,train
train_1039,train
train_104,train
train_1040,train
train_1041,train
train_1042,train
train_1043,train
train_1044,train
train_1045,train
train_1046,train
train_1047,train
train_1048,train
train_1049,train
train_105,train
train_1050,train
train_1051,train
train_1052,train
train_1053,train
train_1054,train
train_1055,train
train_1056,train
train_1057,train
train_1058,train
train_1059,train
train_106,train
train_1060,train
train_1061,train
train_1062,train
train_1063,train
train_1064,train
train_1065,train
train_1066,train
train_1067,train
train_1068,train
train_1069,train
train_107,train
train_1070,train
train_1071,train
train_1072,train
train_1073,train
train_1074,train
train_1075,train
train_1076,train
train_1077,train
train_1078,train
train_1079,train
train_108,train
train_1080,train
train_1081,train
train_1082,train
train_1083,train
train_1084,train
train_1085,train
train_1086,train
train_1087,train
train_1088,train
train_1089,train
train_109,train
train_1090,train
train_1091,train
train_1092,train
train_1093,train
train_1094,train
train_1095,train
train_1096,train
train_1097,train
train_1098,train
train_1099,train
train_11,train
train_110,train
train_1100,train
train_1101,train
train_1102,train
train_1103,train
train_1104,train
train_1105,train
train_1106,train
train_1107,train
train_1108,train
train_1109,train
train_111,train
train_1110,train
train_1111,train
train_1112,train
train_1113,train
train_1114,train
train_1115,train
train_1116,train
train_1117,train
train_1118,train
train_1119,train
train_112,train
train_1120,train
train_1121,train
train_1122,train
train_1123,train
train_1124,train
train_1125,train
train_1126,train
train_1127,train
train_1128,train
train_1129,train
train_113,train
train_1130,train
train_1131,train
train_1132,train
train_1133,train
train_1134,train
train_1135,train
train_1136,train
train_1137,train
train_1138,train
train_1139,train
train_114,train
train_1140,train
train_1141,train
train_1142,train
train_1143,train
train_1144,train
train_1145,train
train_1146,train
train_1147,train
train_1148,train
train_1149,train
train_115,train
train_1150,train
train_1151,train
train_1152,train
train_1153,train
train_1154,train
train_1155,train
train_1156,train
train_1157,train
train_1158,train
train_1159,train
train_116,train
train_1160,train
train_1161,train
train_1162,train
train_1163,train
train_1164,train
train_1165,train
train_1166,train
train_1167,train
train_1168,train
train_1169,train
train_117,train
train_1170,train
train_1171,train
train_1172,train
train_1173,train
train_1174,train
train_1175,train
train_1176,train
train_1177,train
train_1178,train
train_1179,train
train_118,train
train_1180,train
train_1181,train
train_1182,train
train_1183,train
train_1184,train
train_1185,train
train_1186,train
train_1187,train
train_1188,train
train_1189,train
train_119,train
train_1190,train
train_1191,train
train_1192,train
train_1193,train
train_1194,train
train_1195,train
train_1196,train
train_1197,train
train_1198,train
train_1199,train
train_12,train
train_120,train
train_1200,train
train_1201,train
train_1202,train
train_1203,train
train_1204,train
train_1205,train
train_1206,train
train_1207,train
train_1208,train
train_1209,train
train_121,train
train_1210,train
train_1211,train
train_1212,train
train_1213,train
train_1214,train
train_1215,train
train_1216,train
train_1217,train
train_1218,train
train_1219,train
train_122,train
train_1220,train
train_1221,train
train_1222,train
train_1223,train
train_1224,train
train_1225,train
train_1226,train
train_1227,train
train_1228,train
train_1229,train
train_123,train
train_1230,train
train_1231,train
train_1232,train
train_1233,train
train_1234,train
train_1235,train
train_1236,train
train_1237,train
train_1238,train
train_1239,train
train_124,train
train_1240,train
train_1241,train
train_1242,train
train_1243,train
train_1244,train
train_1245,train
train_1246,train
train_1247,train
train_1248,train
train_1249,train
train_125,train
train_1250,train
train_1251,train
train_1252,train
train_1253,train
train_1254,train
train_1255,train
train_1256,train
train_1257,train
train_1258,train
train_1259,train
train_126,train
train_1260,train
train_1261,train
train_1262,train
train_1263,train
train_1264,train
train_1265,train
train_1266,train
train_1267,train
train_1268,train
train_1269,train
train_127,train
train_1270,train
train_1271,train
train_1272,train
train_1273,train
train_1274,train
train_1275,train
train_1276,train
train_1277,train
train_1278,train
train_1279,train
train_128,train
train_1280,train
train_1281,train
train_1282,train
train_1283,train
train_1284,train
train_1285,train
train_1286,train
train_1287,train
train_1288,train
train_1289,train
train_129,train
train_1290,train
train_1291,train
train_1292,train
train_1293,train
train_1294,train
train_1295,train
train_1296,train
train_1297,train
train_1298,train
train_1299,train
train_13,train
train_130,train
train_1300,train
train_1301,train
train_1302,train
train_1303,train
train_1304,train
train_1305,train
train_1306,train
train_1307,train
train_1308,train
train_1309,train
train_131,train
train_1310,train
train_1311,train
train_1312,train
train_1313,train
train_1314,train
train_1315,train
train_1316,train
train_1317,train
train_1318,train
train_1319,train
train_132,train
train_1320,train
train_1321,train
train_1322,train
train_1323,train
train_1324,train
train_1325,train
train_1326,train
train_1327,train
train_1328,train
train_1329,train
train_133,train
train_1330,train
train_1331,train
train_1332,train
train_1333,train
train_1334,train
train_1335,train
train_1336,train
train_1337,train
train_1338,train
train_1339,train
train_134,train
train_1340,train
train_1341,train
train_1342,train
train_1343,train
train_1344,train
train_1345,train
train_1346,train
train_1347,train
train_1348,train
train_1349,train
train_135,train
train_1350,train
train_1351,train
train_1352,train
train_1353,train
train_1354,train
train_1355,train
train_1356,train
train_1357,train
train_1358,train
train_1359,train
train_136,train
train_1360,train
train_1361,train
train_1362,train
train_1363,train
train_1364,train
train_1365,train
train_1366,train
train_1367,train
train_1368,train
train_1369,train
train_137,train
train_1370,train
train_1371,train
train_1372,train
train_1373,train
train_1374,train
train_1375,train
train_1376,train
train_1377,train
train_1378,train
train_1379,train
train_138,train
train_1380,train
train_1381,train
train_1382,train
train_1383,train
train_1384,train
train_1385,train
train_1386,train
train_1387,train
train_1388,train
train_1389,train
train_139,train
train_1390,train
train_1391,train
train_1392,train
train_1393,train
train_1394,train
train_1395,train
train_1396,train
train_1397,train
train_1398,train
train_1399,train
train_14,train
train_140,train
train_1400,train
train_1401,train
train_1402,train
train_1403,train
train_1404,train
train_1405,train
train_1406,train
train_1407,train
train_1408,train
train_1409,train
train_141,train
train_1410,train
train_1411,train
train_1412,train
train_1413,train
train_1414,train
train_1415,train
train_1416,train
train_1417,train
train_1418,train
train_1419,train
train_142,train
train_1420,train
train_1421,train
train_1422,train
train_1423,train
train_1424,train
train_1425,train
train_1426,train
train_1427,train
train_1428,train
train_1429,train
train_143,train
train_1430,train
train_1431,train
train_1432,train
train_1433,train
train_1434,train
train_1435,train
train_1436,train
train_1437,train
train_1438,train
train_1439,train
train_144,train
train_1440,train
train_1441,train
train_1442,train
train_1443,train
train_1444,train
train_1445,train
train_1446,train
train_1447,train
train_1448,train
train_1449,train
train_145,train
train_1450,train
train_1451,train
train_1452,train
train_1453,train
train_1454,train
train_1455,train
train_1456,train
train_1457,train
train_1458,train
train_1459,train
train_146,train
train_1460,train
train_1461,train
train_1462,train
train_1463,train
train_1464,train
train_1465,train
train_1466,train
train_1467,train
train_1468,train
train_1469,train
train_147,train
train_1470,train
train_1471,train
train_1472,train
train_1473,train
train_1474,train
train_1475,train
train_1476,train
train_1477,train
train_1478,train
train_1479,train
train_148,train
train_1480,train
train_1481,train
train_1482,train
train_1483,train
train_1484,train
train_1485,train
train_1486,train
train_1487,train
train_1488,train
train_1489,train
train_149,train
train_1490,train
train_1491,train
train_1492,train
train_1493,train
train_1494,train
train_1495,train
train_1496,train
train_1497,train
train_1498,train
train_1499,train
train_15,train
train_150,train
train_1500,train
train_1501,train
train_1502,train
train_1503,train
train_1504,train
train_1505,train
train_1506,train
train_1507,train
train_1508,train
train_1509,train
train_151,train
train_1510,train
train_1511,train
train_1512,train
train_1513,train
train_1514,train
train_1515,train
train_1516,train
train_1517,train
train_1518,train
train_1519,train
train_152,train
train_1520,train
train_1521,train
train_1522,train
train_1523,train
train_1524,train
train_1525,train
train_1526,train
train_1527,train
train_1528,train
train_1529,train
train_153,train
train_1530,train
train_1531,train
train_1532,train
train_1533,train
train_1534,train
train_1535,train
train_1536,train
train_1537,train
train_1538,train
train_1539,train
train_154,train
train_1540,train
train_1541,train
train_1542,train
train_1543,train
train_1544,train
train_1545,train
train_1546,train
train_1547,train
train_1548,train
train_1549,train
train_155,train
train_1550,train
train_1551,train
train_1552,train
train_1553,train
train_1554,train
train_1555,train
train_1556,train
train_1557,train
train_1558,train
train_1559,train
train_156,train
train_1560,train
train_1561,train
train_1562,train
train_1563,train
train_1564,train
train_1565,train
train_1566,train
train_1567,train
train_1568,train
train_1569,train
train_157,train
train_1570,train
train_1571,train
train_1572,train
train_1573,train
train_1574,train
train_1575,train
train_1576,train
train_1577,train
train_1578,train
train_1579,train
train_158,train
train_1580,train
train_1581,train
train_1582,train
train_1583,train
train_1584,train
train_1585,train
train_1586,train
train_1587,train
train_1588,train
train_1589,train
train_159,train
train_1590,train
train_1591,train
train_1592,train
train_1593,train
train_1594,train
train_1595,train
train_1596,train
train_1597,train
train_1598,train
train_1599,train
train_16,train
train_160,train
train_1600,train
train_1601,train
train_1602,train
train_1603,train
train_1604,train
train_1605,train
train_1606,train
train_1607,train
train_1608,train
train_1609,train
train_161,train
train_1610,train
train_1611,train
train_1612,train
train_1613,train
train_1614,train
train_1615,train
train_1616,train
train_1617,train
train_1618,train
train_1619,train
train_162,train
train_1620,train
train_1621,train
train_1622,train
train_1623,train
train_1624,train
train_1625,train
train_1626,train
train_1627,train
train_1628,train
train_1629,train
train_163,train
train_1630,train
train_1631,train
train_1632,train
train_1633,train
train_1634,train
train_1635,train
train_1636,train
train_1637,train
train_1638,train
train_1639,train
train_164,train
train_1640,train
train_1641,train
train_1642,train
train_1643,train
train_1644,train
train_1645,train
train_1646,train
train_1647,train
train_1648,train
train_1649,train
train_165,train
train_1650,train
train_1651,train
train_1652,train
train_1653,train
train_1654,train
train_1655,train
train_1656,train
train_1657,train
train_1658,train
train_1659,train
train_166,train
train_1660,train
train_1661,train
train_1662,train
train_1663,train
train_1664,train
train_1665,train
train_1666,train
train_1667,train
train_1668,train
train_1669,train
train_167,train
train_1670,train
train_1671,train
train_1672,train
train_1673,train
train_1674,train
train_1675,train
train_1676,train
train_1677,train
train_1678,train
train_1679,train
train_168,train
train_1680,train
train_1681,train
train_1682,train
train_1683,train
train_1684,train
train_1685,train
train_1686,train
train_1687,train
train_1688,train
train_1689,train
train_169,train
train_1690,train
train_1691,train
train_1692,train
train_1693,train
train_1694,train
train_1695,train
train_1696,train
train_1697,train
train_1698,train
train_1699,train
train_17,train
train_170,train
train_1700,train
train_1701,train
train_1702,train
train_1703,train
train_1704,train
train_1705,train
train_1706,train
train_1707,train
train_1708,train
train_1709,train
train_171,train
train_1710,train
train_1711,train
train_1712,train
train_1713,train
train_1714,train
train_1715,train
train_1716,train
train_1717,train
train_1718,train
train_1719,train
train_172,train
train_1720,train
train_1721,train
train_1722,train
train_1723,train
train_1724,train
train_1725,train
train_1726,train
train_1727,train
train_1728,train
train_1729,train
train_173,train
train_1730,train
train_1731,train
train_1732,train
train_1733,train
train_1734,train
train_1735,train
train_1736,train
train_1737,train
train_1738,train
train_1739,train
train_174,train
train_1740,train
train_1741,train
train_1742,train
train_1743,train
train_1744,train
train_1745,train
train_1746,train
train_1747,train
train_1748,train
train_1749,train
train_175,train
train_1750,train
train_1751,train
train_1752,train
train_1753,train
train_1754,train
train_1755,train
train_1756,train
train_1757,train
train_1758,train
train_1759,train
train_176,train
train_1760,train
train_1761,train
train_1762,train
train_1763,train
train_1764,train
train_1765,train
train_1766,train
train_1767,train
train_1768,train
train_1769,train
train_177,train
train_1770,train
train_1771,train
train_1772,train
train_1773,train
train_1774,train
train_1775,train
train_1776,train
train_1777,train
train_1778,train
train_1779,train
train_178,train
train_1780,train
train_1781,train
train_1782,train
train_1783,train
train_1784,train
train_1785,train
train_1786,train
train_1787,train
train_1788,train
train_1789,train
train_179,train
train_1790,train
train_1791,train
train_1792,train
train_1793,train
train_1794,train
train_1795,train
train_1796,train
train_1797,train
train_1798,train
train_1799,train
train_18,train
train_180,train
train_1800,train
train_1801,train
train_1802,train
train_1803,train
train_1804,train
train_1805,train
train_1806,train
train_1807,train
train_1808,train
train_1809,train
train_181,train
train_1810,train
train_1811,train
train_1812,train
train_1813,train
train_1814,train
train_1815,train
train_1816,train
train_1817,train
train_1818,train
train_1819,train
train_182,train
train_1820,train
train_1821,train
train_1822,train
train_1823,train
train_1824,train
train_1825,train
train_1826,train
train_1827,train
train_1828,train
train_1829,train
train_183,train
train_1830,train
train_1831,train
train_1832,train
train_1833,train
train_1834,train
train_1835,train
train_1836,train
train_1837,train
train_1838,train
train_1839,train
train_184,train
train_1840,train
train_1841,train
train_1842,train
train_1843,train
train_1844,train
train_1845,train
train_1846,train
train_1847,train
train_1848,train
train_1849,train
train_185,train
train_1850,train
train_1851,train
train_1852,train
train_1853,train
train_1854,train
train_1855,train
train_1856,train
train_1857,train
train_1858,train
train_1859,train
train_186,train
train_1860,train
train_1861,train
train_1862,train
train_1863,train
train_1864,train
train_1865,train
train_1866,train
train_1867,train
train_1868,train
train_1869,train
train_187,train
train_1870,train
train_1871,train
train_1872,train
train_1873,train
train_1874,train
train_1875,train
train_1876,train
train_1877,train
train_1878,train
train_1879,train
train_188,train
train_1880,train
train_1881,train
train_1882,train
train_1883,train
train_1884,train
train_1885,train
train_1886,train
train_1887,train
train_1888,train
train_1889,train
train_189,train
train_1890,train
train_1891,train
train_1892,train
train_1893,train
train_1894,train
train_1895,train
train_1896,train
train_1897,train
train_1898,train
train_1899,train
train_19,train
train_190,train
train_1900,train
train_1901,train
train_1902,train
train_1903,train
train_1904,train
train_1905,train
train_1906,train
train_1907,train
train_1908,train
train_1909,train
train_191,train
train_1910,train
train_1911,train
train_1912,train
train_1913,train
train_1914,train
train_1915,train
train_1916,train
train_1917,train
train_1918,train
train_1919,train
train_192,train
train_1920,train
train_1921,train
train_1922,train
train_1923,train
train_1924,train
train_1925,train
train_1926,train
train_1927,train
train_1928,train
train_1929,train
train_193,train
train_1930,train
train_1931,train
train_1932,train
train_1933,train
train_1934,train
train_1935,train
train_1936,train
train_1937,train
train_1938,train
train_1939,train
train_194,train
train_1940,train
train_1941,train
train_1942,train
train_1943,train
train_1944,train
train_1945,train
train_1946,train
train_1947,train
train_1948,train
train_1949,train
train_195,train
train_1950,train
train_1951,train
train_1952,train
train_1953,train
train_1954,train
train_1955,train
train_1956,train
train_1957,train
train_1958,train
train_1959,train
train_196,train
train_1960,train
train_1961,train
train_1962,train
train_1963,train
train_1964,train
train_1965,train
train_1966,train
train_1967,train
train_1968,train
train_1969,train
train_197,train
train_1970,train
train_1971,train
train_1972,train
train_1973,train
train_1974,train
train_1975,train
train_1976,train
train_1977,train
train_1978,train
train_1979,train
train_198,train
train_1980,train
train_1981,train
train_1982,train
train_1983,train
train_1984,train
train_1985,train
train_1986,train
train_1987,train
train_1988,train
train_1989,train
train_199,train
train_1990,train
train_1991,train
train_1992,train
train_1993,train
train_1994,train
train_1995,train
train_1996,train
train_1997,train
train_1998,train
train_1999,train
train_2,train
train_20,train
train_200,train
train_2000,train
train_2001,train
train_2002,train
train_2003,train
train_2004,train
train_2005,train
train_2006,train
train_2007,train
train_2008,train
train_2009,train
train_201,train
train_2010,train
train_2011,train
train_2012,train
train_2013,train
train_2014,train
train_2015,train
train_2016,train
train_2017,train
train_2018,train
train_2019,train
train_202,train
train_2020,train
train_2021,train
train_2022,train
train_2023,train
train_2024,train
train_2025,train
train_2026,train
train_2027,train
train_2028,train
train_2029,train
train_203,train
train_2030,train
train_2031,train
train_2032,train
train_2033,train
train_2034,train
train_2035,train
train_2036,train
train_2037,train
train_2038,train
train_2039,train
train_204,train
train_2040,train
train_2041,train
train_2042,train
train_2043,train
train_2044,train
train_2045,train
train_2046,train
train_2047,train
train_2048,train
train_2049,train
train_205,train
train_2050,train
train_2051,train
train_2052,train
train_2053,train
train_2054,train
train_2055,train
train_2056,train
train_2057,train
train_2058,train
train_2059,train
train_206,train
train_2060,train
train_2061,train
train_2062,train
train_2063,train
train_2064,train
train_2065,train
train_2066,train
train_2067,train
train_2068,train
train_2069,train
train_207,train
train_2070,train
train_2071,train
train_2072,train
train_2073,train
train_2074,train
train_2075,train
train_2076,train
train_2077,train
train_2078,train
train_2079,train
train_208,train
train_2080,train
train_2081,train
train_2082,train
train_2083,train
train_2084,train
train_2085,train
train_2086,train
train_2087,train
train_2088,train
train_2089,train
train_209,train
train_2090,train
train_2091,train
train_2092,train
train_2093,train
train_2094,train
train_2095,train
train_2096,train
train_2097,train
train_2098,train
train_2099,train
train_21,train
train_210,train
train_2100,train
train_2101,train
train_2102,train
train_2103,train
train_2104,train
train_2105,train
train_2106,train
train_2107,train
train_2108,train
train_2109,train
train_211,train
train_2110,train
train_2111,train
train_2112,train
train_2113,train
train_2114,train
train_2115,train
train_2116,train
train_2117,train
train_2118,train
train_2119,train
train_212,train
train_2120,train
train_2121,train
train_2122,train
train_2123,train
train_2124,train
train_2125,train
train_2126,train
train_2127,train
train_2128,train
train_2129,train
train_213,train
train_2130,train
train_2131,train
train_2132,train
train_2133,train
train_2134,train
train_2135,train
train_2136,train
train_2137,train
train_2138,train
train_2139,train
train_214,train
train_2140,train
train_2141,train
train_2142,train
train_2143,train
train_2144,train
train_2145,train
train_2146,train
train_2147,train
train_2148,train
train_2149,train
train_215,train
train_2150,train
train_2151,train
train_2152,train
train_2153,train
train_2154,train
train_2155,train
train_2156,train
train_2157,train
train_2158,train
train_2159,train
train_216,train
train_2160,train
train_2161,train
train_2162,train
train_2163,train
train_2164,train
train_2165,train
train_2166,train
train_2167,train
train_2168,train
train_2169,train
train_217,train
train_2170,train
train_2171,train
train_2172,train
train_2173,train
train_2174,train
train_2175,train
train_2176,train
train_2177,train
train_2178,train
train_2179,train
train_218,train
train_2180,train
train_2181,train
train_2182,train
train_2183,train
train_2184,train
train_2185,train
train_2186,train
train_2187,train
train_2188,train
train_2189,train
train_219,train
train_2190,train
train_2191,train
train_2192,train
train_2193,train
train_2194,train
train_2195,train
train_2196,train
train_2197,train
train_2198,train
train_2199,train
train_22,train
train_220,train
train_2200,train
train_2201,train
train_2202,train
train_2203,train
train_2204,train
train_2205,train
train_2206,train
train_2207,train
train_2208,train
train_2209,train
train_221,train
train_2210,train
train_2211,train
train_2212,train
train_2213,train
train_2214,train
train_2215,train
train_2216,train
train_2217,train
train_2218,train
train_2219,train
train_222,train
train_2220,train
train_2221,train
train_2222,train
train_2223,train
train_2224,train
train_2225,train
train_2226,train
train_2227,train
train_2228,train
train_2229,train
train_223,train
train_2230,train
train_2231,train
train_2232,train
train_2233,train
train_2234,train
train_2235,train
train_2236,train
train_2237,train
train_2238,train
train_2239,train
train_224,train
train_2240,train
train_2241,train
train_2242,train
train_2243,train
train_2244,train
train_2245,train
train_2246,train
train_2247,train
train_2248,train
train_2249,train
train_225,train
train_2250,train
train_2251,train
train_2252,train
train_2253,train
train_2254,train
train_2255,train
train_2256,train
train_2257,train
train_2258,train
train_2259,train
train_226,train
train_2260,train
train_2261,train
train_2262,train
train_2263,train
train_2264,train
train_2265,train
train_2266,train
train_2267,train
train_2268,train
train_2269,train
train_227,train
train_2270,train
train_2271,train
train_2272,train
train_2273,train
train_2274,train
train_2275,train
train_2276,train
train_2277,train
train_2278,train
train_2279,train
train_228,train
train_2280,train
train_2281,train
train_2282,train
train_2283,train
train_2284,train
train_2285,train
train_2286,train
train_2287,train
train_2288,train
train_2289,train
train_229,train
train_2290,train
train_2291,train
train_2292,train
train_2293,train
train_2294,train
train_2295,train
train_2296,train
train_2297,train
train_2298,train
train_2299,train
train_23,train
train_230,train
train_2300,train
train_2301,train
train_2302,train
train_2303,train
train_2304,train
train_2305,train
train_2306,train
train_2307,train
train_2308,train
train_2309,train
train_231,train
train_2310,train
train_2311,train
train_2312,train
train_2313,train
train_2314,train
train_2315,train
train_2316,train
train_2317,train
train_2318,train
train_2319,train
train_232,train
train_2320,train
train_2321,train
train_2322,train
train_2323,train
train_2324,train
train_2325,train
train_2326,train
train_2327,train
train_2328,train
train_2329,train
train_233,train
train_2330,train
train_2331,train
train_2332,train
train_2333,train
train_2334,train
train_2335,train
train_2336,train
train_2337,train
train_2338,train
train_2339,train
train_234,train
train_2340,train
train_2341,train
train_2342,train
train_2343,train
train_2344,train
train_2345,train
train_2346,train
train_2347,train
train_2348,train
train_2349,train
train_235,train
train_2350,train
train_2351,train
train_2352,train
train_2353,train
train_2354,train
train_2355,train
train_2356,train
train_2357,train
train_2358,train
train_2359,train
train_236,train
train_2360,train
train_2361,train
train_2362,train
train_2363,train
train_2364,train
train_2365,train
train_2366,train
train_2367,train
train_2368,train
train_2369,train
train_237,train
train_2370,train
train_2371,train
train_2372,train
train_2373,train
train_2374,train
train_2375,train
train_2376,train
train_2377,train
train_2378,train
train_2379,train
train_238,train
train_2380,train
train_2381,train
train_2382,train
train_2383,train
train_2384,train
train_2385,train
train_2386,train
train_2387,train
train_2388,train
train_2389,train
train_239,train
train_2390,train
train_2391,train
train_2392,train
train_2393,train
train_2394,train
train_2395,train
train_2396,train
train_2397,train
train_2398,train
train_2399,train
train_24,train
train_240,train
train_2400,train
train_2401,train
train_2402,train
train_2403,train
train_2404,train
train_2405,train
train_2406,train
train_2407,train
train_2408,train
train_2409,train
train_241,train
train_2410,train
train_2411,train
train_2412,train
train_2413,train
train_2414,train
train_2415,train
train_2416,train
train_2417,train
train_2418,train
train_2419,train
train_242,train
train_2420,train
train_2421,train
train_2422,train
train_2423,train
train_2424,train
train_2425,train
train_2426,train
train_2427,train
train_2428,train
train_2429,train
train_243,train
train_2430,train
train_2431,train
train_2432,train
train_2433,train
train_2434,train
train_2435,train
train_2436,train
train_2437,train
train_2438,train
train_2439,train
train_244,train
train_2440,train
train_2441,train
train_2442,train
train_2443,train
train_2444,train
train_2445,train
train_2446,train
train_2447,train
train_2448,train
train_2449,train
train_245,train
train_2450,train
train_2451,train
train_2452,train
train_2453,train
train_2454,train
train_2455,train
train_2456,train
train_2457,train
train_2458,train
train_2459,train
train_246,train
train_2460,train
train_2461,train
train_2462,train
train_2463,train
train_2464,train
train_2465,train
train_2466,train
train_2467,train
train_2468,train
train_2469,train
train_247,train
train_2470,train
train_2471,train
train_2472,train
train_2473,train
train_2474,train
train_2475,train
train_2476,train
train_2477,train
train_2478,train
train_2479,train
train_248,train
train_2480,train
train_2481,train
train_2482,train
train_2483,train
train_2484,train
train_2485,train
train_2486,train
train_2487,train
train_2488,train
train_2489,train
train_249,train
train_2490,train
train_2491,train
train_2492,train
train_2493,train
train_2494,train
train_2495,train
train_2496,train
train_2497,train
train_2498,train
train_2499,train
train_25,train
train_250,train
train_2500,train
train_2501,train
train_2502,train
train_2503,train
train_2504,train
train_2505,train
train_2506,train
train_2507,train
train_2508,train
train_2509,train
train_251,train
train_2510,train
train_2511,train
train_2512,train
train_2513,train
train_2514,train
train_2515,train
train_2516,train
train_2517,train
train_2518,train
train_2519,train
train_252,train
train_2520,train
train_2521,train
train_2522,train
train_2523,train
train_2524,train
train_2525,train
train_2526,train
train_2527,train
train_2528,train
train_2529,train
train_253,train
train_2530,train
train_2531,train
train_2532,train
train_2533,train
train_2534,train
train_2535,train
train_2536,train
train_2537,train
train_2538,train
train_2539,train
train_254,train
train_2540,train
train_2541,train
train_2542,train
train_2543,train
train_2544,train
train_2545,train
train_2546,train
train_2547,train
train_2548,train
train_2549,train
train_255,train
train_2550,train
train_2551,train
train_2552,train
train_2553,train
train_2554,train
train_2555,train
train_2556,train
train_2557,train
train_2558,train
train_2559,train
train_256,train
train_2560,train
train_2561,train
train_2562,train
train_2563,train
train_2564,train
train_2565,train
train_2566,train
train_2567,train
train_2568,train
train_2569,train
train_257,train
train_2570,train
train_2571,train
train_2572,train
train_2573,train
train_2574,train
train_2575,train
train_2576,train
train_2577,train
train_2578,train
train_2579,train
train_258,train
train_2580,train
train_2581,train
train_2582,train
train_2583,train
train_2584,train
train_2585,train
train_2586,train
train_2587,train
train_2588,train
train_2589,train
train_259,train
train_2590,train
train_2591,train
train_2592,train
train_2593,train
train_2594,train
train_2595,train
train_2596,train
train_2597,train
train_2598,train
train_2599,train
train_26,train
train_260,train
train_2600,train
train_2601,train
train_2602,train
train_2603,train
train_2604,train
train_2605,train
train_2606,train
train_2607,train
train_2608,train
train_2609,train
train_261,train
train_2610,train
train_2611,train
train_2612,train
train_2613,train
train_2614,train
train_2615,train
train_2616,train
train_2617,train
train_2618,train
train_2619,train
train_262,train
train_2620,train
train_2621,train
train_2622,train
train_2623,train
train_2624,train
train_2625,train
train_2626,train
train_2627,train
train_2628,train
train_2629,train
train_263,train
train_2630,train
train_2631,train
train_2632,train
train_2633,train
train_2634,train
train_2635,train
train_2636,train
train_2637,train
train_2638,train
train_2639,train
train_264,train
train_2640,train
train_2641,train
train_2642,train
train_2643,train
train_2644,train
train_2645,train
train_2646,train
train_2647,train
train_2648,train
train_2649,train
train_265,train
train_2650,train
train_2651,train
train_2652,train
train_2653,train
train_2654,train
train_2655,train
train_2656,train
train_2657,train
train_2658,train
train_2659,train
train_266,train
train_2660,train
train_2661,train
train_2662,train
train_2663,train
train_2664,train
train_2665,train
train_2666,train
train_2667,train
train_2668,train
train_2669,train
train_267,train
train_2670,train
train_2671,train
train_2672,train
train_2673,train
train_2674,train
train_2675,train
train_2676,train
train_2677,train
train_2678,train
train_2679,train
train_268,train
train_2680,train
train_2681,train
train_2682,train
train_2683,train
train_2684,train
train_2685,train
train_2686,train
train_2687,train
train_2688,train
train_2689,train
train_269,train
train_2690,train
train_2691,train
train_2692,train
train_2693,train
train_2694,train
train_2695,train
train_2696,train
train_2697,train
train_2698,train
train_2699,train
train_27,train
train_270,train
train_2700,train
train_2701,train
train_2702,train
train_2703,train
train_2704,train
train_2705,train
train_2706,train
train_2707,train
train_2708,train
train_2709,train
train_271,train
train_2710,train
train_2711,train
train_2712,train
train_2713,train
train_2714,train
train_2715,train
train_2716,train
train_2717,train
train_2718,train
train_2719,train
train_272,train
train_2720,train
train_2721,train
train_2722,train
train_2723,train
train_2724,train
train_2725,train
train_2726,train
train_2727,train
train_2728,train
train_2729,train
train_273,train
train_2730,train
train_2731,train
train_2732,train
train_2733,train
train_2734,train
train_2735,train
train_2736,train
train_2737,train
train_2738,train
train_2739,train
train_274,train
train_2740,train
train_2741,train
train_2742,train
train_2743,train
train_2744,train
train_2745,train
train_2746,train
train_2747,train
train_2748,train
train_2749,train
train_275,train
train_2750,train
train_2751,train
train_2752,train
train_2753,train
train_2754,train
train_2755,train
train_2756,train
train_2757,train
train_2758,train
train_2759,train
train_276,train
train_2760,train
train_2761,train
train_2762,train
train_2763,train
train_2764,train
train_2765,train
train_2766,train
train_2767,train
train_2768,train
train_2769,train
train_277,train
train_2770,train
train_2771,train
train_2772,train
train_2773,train
train_2774,train
train_2775,train
train_2776,train
train_2777,train
train_2778,train
train_2779,train
train_278,train
train_2780,train
train_2781,train
train_2782,train
train_2783,train
train_2784,train
train_2785,train
train_2786,train
train_2787,train
train_2788,train
train_2789,train
train_279,train
train_2790,train
train_2791,train
train_2792,train
train_2793,train
train_2794,train
train_2795,train
train_2796,train
train_2797,train
train_2798,train
train_2799,train
train_28,train
train_280,train
train_2800,train
train_2801,train
train_2802,train
train_2803,train
train_2804,train
train_2805,train
train_2806,train
train_2807,train
train_2808,train
train_2809,train
train_281,train
train_2810,train
train_2811,train
train_2812,train
train_2813,train
train_2814,train
train_2815,train
train_2816,train
train_2817,train
train_2818,train
train_2819,train
train_282,train
train_2820,train
train_2821,train
train_2822,train
train_2823,train
train_2824,train
train_2825,train
train_2826,train
train_2827,train
train_2828,train
train_2829,train
train_283,train
train_2830,train
train_2831,train
train_2832,train
train_2833,train
train_2834,train
train_2835,train
train_2836,train
train_2837,train
train_2838,train
train_2839,train
train_284,train
train_2840,train
train_2841,train
train_2842,train
train_2843,train
train_2844,train
train_2845,train
train_2846,train
train_2847,train
train_2848,train
train_2849,train
train_285,train
train_2850,train
train_2851,train
train_2852,train
train_2853,train
train_2854,train
train_2855,train
train_2856,train
train_2857,train
train_2858,train
train_2859,train
train_286,train
train_2860,train
train_2861,train
train_2862,train
train_2863,train
train_2864,train
train_2865,train
train_2866,train
train_2867,train
train_2868,train
train_2869,train
train_287,train
train_2870,train
train_2871,train
train_2872,train
train_2873,train
train_2874,train
train_2875,train
train_2876,train
train_2877,train
train_2878,train
train_2879,train
train_288,train
train_2880,train
train_2881,train
train_2882,train
train_2883,train
train_2884,train
train_2885,train
train_2886,train
train_2887,train
train_2888,train
train_2889,train
train_289,train
train_2890,train
train_2891,train
train_2892,train
train_2893,train
train_2894,train
train_2895,train
train_2896,train
train_2897,train
train_2898,train
train_2899,train
train_29,train
train_290,train
train_2900,train
train_2901,train
train_2902,train
train_2903,train
train_2904,train
train_2905,train
train_2906,train
train_2907,train
train_2908,train
train_2909,train
train_291,train
train_2910,train
train_2911,train
train_2912,train
train_2913,train
train_2914,train
train_2915,train
train_2916,train
train_2917,train
train_2918,train
train_2919,train
train_292,train
train_2920,train
train_2921,train
train_2922,train
train_2923,train
train_2924,train
train_2925,train
train_2926,train
train_2927,train
train_2928,train
train_2929,train
train_293,train
train_2930,train
train_2931,train
train_2932,train
train_2933,train
train_2934,train
train_2935,train
train_2936,train
train_2937,train
train_2938,train
train_2939,train
train_294,train
train_2940,train
train_2941,train
train_2942,train
train_2943,train
train_2944,train
train_2945,train
train_2946,train
train_2947,train
train_2948,train
train_2949,train
train_295,train
train_2950,train
train_2951,train
train_2952,train
train_2953,train
train_2954,train
train_2955,train
train_2956,train
train_2957,train
train_2958,train
train_2959,train
train_296,train
train_2960,train
train_2961,train
train_2962,train
train_2963,train
train_2964,train
train_2965,train
train_2966,train
train_2967,train
train_2968,train
train_2969,train
train_297,train
train_2970,train
train_2971,train
train_2972,train
train_2973,train
train_2974,train
train_2975,train
train_2976,train
train_2977,train
train_2978,train
train_2979,train
train_298,train
train_2980,train
train_2981,train
train_2982,train
train_2983,train
train_2984,train
train_2985,train
train_2986,train
train_2987,train
train_2988,train
train_2989,train
train_299,train
train_2990,train
train_2991,train
train_2992,train
train_2993,train
train_2994,train
train_2995,train
train_2996,train
train_2997,train
train_2998,train
train_2999,train
train_3,train
train_30,train
train_300,train
train_3000,train
train_3001,train
train_3002,train
train_3003,train
train_3004,train
train_3005,train
train_3006,train
train_3007,train
train_3008,train
train_3009,train
train_301,train
train_3010,train
train_3011,train
train_3012,train
train_3013,train
train_3014,train
train_3015,train
train_3016,train
train_3017,train
train_3018,train
train_3019,train
train_302,train
train_3020,train
train_3021,train
train_3022,train
train_3023,train
train_3024,train
train_3025,train
train_3026,train
train_3027,train
train_3028,train
train_3029,train
train_303,train
train_3030,train
train_3031,train
train_3032,train
train_3033,train
train_3034,train
train_3035,train
train_3036,train
train_3037,train
train_3038,train
train_3039,train
train_304,train
train_3040,train
train_3041,train
train_3042,train
train_3043,train
train_3044,train
train_3045,train
train_3046,train
train_3047,train
train_3048,train
train_3049,train
train_305,train
train_3050,train
train_3051,train
train_3052,train
train_3053,train
train_3054,train
train_3055,train
train_3056,train
train_3057,train
train_3058,train
train_3059,train
train_306,train
train_3060,train
train_3061,train
train_3062,train
train_3063,train
train_3064,train
train_3065,train
train_3066,train
train_3067,train
train_307,train
train_308,train
train_309,train
train_31,train
train_310,train
train_311,train
train_312,train
train_313,train
train_314,train
train_315,train
train_316,train
train_317,train
train_318,train
train_319,train
train_32,train
train_320,train
train_321,train
train_322,train
train_323,train
train_324,train
train_325,train
train_326,train
train_327,train
train_328,train
train_329,train
train_33,train
train_330,train
train_331,train
train_332,train
train_333,train
train_334,train
train_335,train
train_336,train
train_337,train
train_338,train
train_339,train
train_34,train
train_340,train
train_341,train
train_342,train
train_343,train
train_344,train
train_345,train
train_346,train
train_347,train
train_348,train
train_349,train
train_35,train
train_350,train
train_351,train
train_352,train
train_353,train
train_354,train
train_355,train
train_356,train
train_357,train
train_358,train
train_359,train
train_36,train
train_360,train
train_361,train
train_362,train
train_363,train
train_364,train
train_365,train
train_366,train
train_367,train
train_368,train
train_369,train
train_37,train
train_370,train
train_371,train
train_372,train
train_373,train
train_374,train
train_375,train
train_376,train
train_377,train
train_378,train
train_379,train
train_38,train
train_380,train
train_381,train
train_382,train
train_383,train
train_384,train
train_385,train
train_386,train
train_387,train
train_388,train
train_389,train
train_39,train
train_390,train
train_391,train
train_392,train
train_393,train
train_394,train
train_395,train
train_396,train
train_397,train
train_398,train
train_399,train
train_4,train
train_40,train
train_400,train
train_401,train
train_402,train
train_403,train
train_404,train
train_405,train
train_406,train
train_407,train
train_408,train
train_409,train
train_41,train
train_410,train
train_411,train
train_412,train
train_413,train
train_414,train
train_415,train
train_416,train
train_417,train
train_418,train
train_419,train
train_42,train
train_420,train
train_421,train
train_422,train
train_423,train
train_424,train
train_425,train
train_426,train
train_427,train
train_428,train
train_429,train
train_43,train
train_430,train
train_431,train
train_432,train
train_433,train
train_434,train
train_435,train
train_436,train
train_437,train
train_438,train
train_439,train
train_44,train
train_440,train
train_441,train
train_442,train
train_443,train
train_444,train
train_445,train
train_446,train
train_447,train
train_448,train
train_449,train
train_45,train
train_450,train
train_451,train
train_452,train
train_453,train
train_454,train
train_455,train
train_456,train
train_457,train
train_458,train
train_459,train
train_46,train
train_460,train
train_461,train
train_462,train
train_463,train
train_464,train
train_465,train
train_466,train
train_467,train
train_468,train
train_469,train
train_47,train
train_470,train
train_471,train
train_472,train
train_473,train
train_474,train
train_475,train
train_476,train
train_477,train
train_478,train
train_479,train
train_48,train
train_480,train
train_481,train
train_482,train
train_483,train
train_484,train
train_485,train
train_486,train
train_487,train
train_488,train
train_489,train
train_49,train
train_490,train
train_491,train
train_492,train
train_493,train
train_494,train
train_495,train
train_496,train
train_497,train
train_498,train
train_499,train
train_5,train
train_50,train
train_500,train
train_501,train
train_502,train
train_503,train
train_504,train
train_505,train
train_506,train
train_507,train
train_508,train
train_509,train
train_51,train
train_510,train
train_511,train
train_512,train
train_513,train
train_514,train
train_515,train
train_516,train
train_517,train
train_518,train
train_519,train
train_52,train
train_520,train
train_521,train
train_522,train
train_523,train
train_524,train
train_525,train
train_526,train
train_527,train
train_528,train
train_529,train
train_53,train
train_530,train
train_531,train
train_532,train
train_533,train
train_534,train
train_535,train
train_536,train
train_537,train
train_538,train
train_539,train
train_54,train
train_540,train
train_541,train
train_542,train
train_543,train
train_544,train
train_545,train
train_546,train
train_547,train
train_548,train
train_549,train
train_55,train
train_550,train
train_551,train
train_552,train
train_553,train
train_554,train
train_555,train
train_556,train
train_557,train
train_558,train
train_559,train
train_56,train
train_560,train
train_561,train
train_562,train
train_563,train
train_564,train
train_565,train
train_566,train
train_567,train
train_568,train
train_569,train
train_57,train
train_570,train
train_571,train
train_572,train
train_573,train
train_574,train
train_575,train
train_576,train
train_577,train
train_578,train
train_579,train
train_58,train
train_580,train
train_581,train
train_582,train
train_583,train
train_584,train
train_585,train
train_586,train
train_587,train
train_588,train
train_589,train
train_59,train
train_590,train
train_591,train
train_592,train
train_593,train
train_594,train
train_595,train
train_596,train
train_597,train
train_598,train
train_599,train
train_6,train
train_60,train
train_600,train
train_601,train
train_602,train
train_603,train
train_604,train
train_605,train
train_606,train
train_607,train
train_608,train
train_609,train
train_61,train
train_610,train
train_611,train
train_612,train
train_613,train
train_614,train
train_615,train
train_616,train
train_617,train
train_618,train
train_619,train
train_62,train
train_620,train
train_621,train
train_622,train
train_623,train
train_624,train
train_625,train
train_626,train
train_627,train
train_628,train
train_629,train
train_63,train
train_630,train
train_631,train
train_632,train
train_633,train
train_634,train
train_635,train
train_636,train
train_637,train
train_638,train
train_639,train
train_64,train
train_640,train
train_641,train
train_642,train
train_643,train
train_644,train
train_645,train
train_646,train
train_647,train
train_648,train
train_649,train
train_65,train
train_650,train
train_651,train
train_652,train
train_653,train
train_654,train
train_655,train
train_656,train
train_657,train
train_658,train
train_659,train
train_66,train
train_660,train
train_661,train
train_662,train
train_663,train
train_664,train
train_665,train
train_666,train
train_667,train
train_668,train
train_669,train
train_67,train
train_670,train
train_671,train
train_672,train
train_673,train
train_674,train
train_675,train
train_676,train
train_677,train
train_678,train
train_679,train
train_68,train
train_680,train
train_681,train
train_682,train
train_683,train
train_684,train
train_685,train
train_686,train
train_687,train
train_688,train
train_689,train
train_69,train
train_690,train
train_691,train
train_692,train
train_693,train
train_694,train
train_695,train
train_696,train
train_697,train
train_698,train
train_699,train
train_7,train
train_70,train
train_700,train
train_701,train
train_702,train
train_703,train
train_704,train
train_705,train
train_706,train
train_707,train
train_708,train
train_709,train
train_71,train
train_710,train
train_711,train
train_712,train
train_713,train
train_714,train
train_715,train
train_716,train
train_717,train
train_718,train
train_719,train
train_72,train
train_720,train
train_721,train
train_722,train
train_723,train
train_724,train
train_725,train
train_726,train
train_727,train
train_728,train
train_729,train
train_73,train
train_730,train
train_731,train
train_732,train
train_733,train
train_734,train
train_735,train
train_736,train
train_737,train
train_738,train
train_739,train
train_74,train
train_740,train
train_741,train
train_742,train
train_743,train
train_744,train
train_745,train
train_746,train
train_747,train
train_748,train
train_749,train
train_75,train
train_750,train
train_751,train
train_752,train
train_753,train
train_754,train
train_755,train
train_756,train
train_757,train
train_758,train
train_759,train
train_76,train
train_760,train
train_761,train
train_762,train
train_763,train
train_764,train
train_765,train
train_766,train
train_767,train
train_768,train
train_769,train
train_77,train
train_770,train
train_771,train
train_772,train
train_773,train
train_774,train
train_775,train
train_776,train
train_777,train
train_778,train
train_779,train
train_78,train
train_780,train
train_781,train
train_782,train
train_783,train
train_784,train
train_785,train
train_786,train
train_787,train
train_788,train
train_789,train
train_79,train
train_790,train
train_791,train
train_792,train
train_793,train
train_794,train
train_795,train
train_796,train
train_797,train
train_798,train
train_799,train
train_8,train
train_80,train
train_800,train
train_801,train
train_802,train
train_803,train
train_804,train
train_805,train
train_806,train
train_807,train
train_808,train
train_809,train
train_81,train
train_810,train
train_811,train
train_812,train
train_813,train
train_814,train
train_815,train
train_816,train
train_817,train
train_818,train
train_819,train
train_82,train
train_820,train
train_821,train
train_822,train
train_823,train
train_824,train
train_825,train
train_826,train
train_827,train
train_828,train
train_829,train
train_83,train
train_830,train
train_831,train
train_832,train
train_833,train
train_834,train
train_835,train
train_836,train
train_837,train
train_838,train
train_839,train
train_84,train
train_840,train
train_841,train
train_842,train
train_843,train
train_844,train
train_845,train
train_846,train
train_847,train
train_848,train
train_849,train
train_85,train
train_850,train
train_851,train
train_852,train
train_853,train
train_854,train
train_855,train
train_856,train
train_857,train
train_858,train
train_859,train
train_86,train
train_860,train
train_861,train
train_862,train
train_863,train
train_864,train
train_865,train
train_866,train
train_867,train
train_868,train
train_869,train
train_87,train
train_870,train
train_871,train
train_872,train
train_873,train
train_874,train
train_875,train
train_876,train
train_877,train
train_878,train
train_879,train
train_88,train
train_880,train
train_881,train
train_882,train
train_883,train
train_884,train
train_885,train
train_886,train
train_887,train
train_888,train
train_889,train
train_89,train
train_890,train
train_891,train
train_892,train
train_893,train
train_894,train
train_895,train
train_896,train
train_897,train
train_898,train
train_899,train
train_9,train
train_90,train
train_900,train
train_901,train
train_902,train
train_903,train
train_904,train
train_905,train
train_906,train
train_907,train
train_908,train
train_909,train
train_91,train
train_910,train
train_911,train
train_912,train
train_913,train
train_914,train
train_915,train
train_916,train
train_917,train
train_918,train
train_919,train
train_92,train
train_920,train
train_921,train
train_922,train
train_923,train
train_924,train
train_925,train
train_926,train
train_927,train
train_928,train
train_929,train
train_93,train
train_930,train
train_931,train
train_932,train
train_933,train
train_934,train
train_935,train
train_936,train
train_937,train
train_938,train
train_939,train
train_94,train
train_940,train
train_941,train
train_942,train
train_943,train
train_944,train
train_945,train
train_946,train
train_947,train
train_948,train
train_949,train
train_95,train
train_950,train
train_951,train
train_952,train
train_953,train
train_954,train
train_955,train
train_956,train
train_957,train
train_958,train
train_959,train
train_96,train
train_960,train
train_961,train
train_962,train
train_963,train
train_964,train
train_965,train
train_966,train
train_967,train
train_968,train
train_969,train
train_97,train
train_970,train
train_971,train
train_972,train
train_973,train
train_974,train
train_975,train
train_976,train
train_977,train
train_978,train
train_979,train
train_98,train
train_980,train
train_981,train
train_982,train
train_983,train
train_984,train
train_985,train
train_986,train
train_987,train
train_988,train
train_989,train
train_99,train
train_990,train
train_991,train
train_992,train
train_993,train
train_994,train
train_995,train
train_996,train
train_997,train
train_998,train
train_999,train
