key,terminal_reason,origin,archive,alternate
"12",host_serves_non_image+no_snapshot,host_serves_non_image,no_snapshot,none_in_metadata
"13",host_serves_non_image+no_snapshot,host_serves_non_image,no_snapshot,none_in_metadata
"87",blocked_403+no_snapshot,blocked_403,no_snapshot,none_in_metadata
"88",blocked_403+no_snapshot,blocked_403,no_snapshot,none_in_metadata
"92",gone_404+no_snapshot,gone_404,no_snapshot,none_in_metadata
"111",dns_failure+no_snapshot,dns_failure,no_snapshot,none_in_metadata
"112",dns_failure+no_snapshot,dns_failure,no_snapshot,none_in_metadata
"114",dns_failure+no_snapshot,dns_failure,no_snapshot,none_in_metadata
"115",dns_failure+no_snapshot,dns_failure,no_snapshot,none_in_metadata
"173",gone_404+no_snapshot,gone_404,no_snapshot,none_in_metadata
"194",blocked_403+no_snapshot,blocked_403,no_snapshot,none_in_metadata
"236",host_serves_non_image+no_snapshot,host_serves_non_image,no_snapshot,none_in_metadata
"240",blocked_403+no_snapshot,blocked_403,no_snapshot,none_in_metadata
"241",blocked_403+no_snapshot,blocked_403,no_snapshot,none_in_metadata
"255",blocked_403+snapshot_wrong_image,blocked_403,snapshot_wrong_image,none_in_metadata
"256",blocked_403+snapshot_wrong_image,blocked_403,snapshot_wrong_image,none_in_metadata
"257",blocked_403+no_snapshot,blocked_403,no_snapshot,none_in_metadata
"261",blocked_403+no_snapshot,blocked_403,no_snapshot,none_in_metadata
"262",blocked_403+no_snapshot,blocked_403,no_snapshot,none_in_metadata
"263",server_error_5xx+no_snapshot,server_error_5xx,no_snapshot,none_in_metadata
"308",gone_404+no_snapshot,gone_404,no_snapshot,none_in_metadata
"323",unreachable_ssl_error+no_snapshot,unreachable_ssl_error,no_snapshot,none_in_metadata
"327",blocked_403+no_snapshot,blocked_403,no_snapshot,none_in_metadata
"328",blocked_403+no_snapshot,blocked_403,no_snapshot,none_in_metadata
"390",gone_404+no_snapshot,gone_404,no_snapshot,none_in_metadata
"391",gone_404+no_snapshot,gone_404,no_snapshot,none_in_metadata
"461",blocked_403+no_snapshot,blocked_403,no_snapshot,none_in_metadata
"514",dns_failure+snapshot_wrong_image,dns_failure,snapshot_wrong_image,none_in_metadata
"546",blocked_403+no_snapshot,blocked_403,no_snapshot,none_in_metadata
"556",blocked_403+no_snapshot,blocked_403,no_snapshot,none_in_metadata
"557",blocked_403+no_snapshot,blocked_403,no_snapshot,none_in_metadata
"608",blocked_403+no_snapshot,blocked_403,no_snapshot,none_in_metadata
"635",blocked_403+no_snapshot,blocked_403,no_snapshot,none_in_metadata
"636",blocked_403+no_snapshot,blocked_403,no_snapshot,none_in_metadata
"649",blocked_403+no_snapshot,blocked_403,no_snapshot,none_in_metadata
"666",blocked_403+no_snapshot,blocked_403,no_snapshot,none_in_metadata
"694",gone_410+no_snapshot,gone_410,no_snapshot,none_in_metadata
"701",blocked_403+no_snapshot,blocked_403,no_snapshot,none_in_metadata
"702",blocked_403+no_snapshot,blocked_403,no_snapshot,none_in_metadata
"710",gone_404+no_snapshot,gone_404,no_snapshot,none_in_metadata
"711",gone_404+no_snapshot,gone_404,no_snapshot,none_in_metadata
"724",blocked_403+no_snapshot,blocked_403,no_snapshot,none_in_metadata
"739",gone_404+no_snapshot,gone_404,no_snapshot,none_in_metadata
"740",gone_404+no_snapshot,gone_404,no_snapshot,none_in_metadata
"769",blocked_403+no_snapshot,blocked_403,no_snapshot,none_in_metadata
"770",blocked_403+no_snapshot,blocked_403,no_snapshot,none_in_metadata
"787",blocked_403+no_snapshot,blocked_403,no_snapshot,none_in_metadata
"788",blocked_403+no_snapshot,blocked_403,no_snapshot,none_in_metadata
"798",blocked_403+no_snapshot,blocked_403,no_snapshot,none_in_metadata
"799",blocked_403+no_snapshot,blocked_403,no_snapshot,none_in_metadata
"809",blocked_403+no_snapshot,blocked_403,no_snapshot,none_in_metadata
"815",blocked_403+no_snapshot,blocked_403,no_snapshot,none_in_metadata
"816",blocked_403+no_snapshot,blocked_403,no_snapshot,none_in_metadata
"817",blocked_403+no_snapshot,blocked_403,no_snapshot,none_in_metadata
"831",blocked_403+no_snapshot,blocked_403,no_snapshot,none_in_metadata
"832",blocked_403+no_snapshot,blocked_403,no_snapshot,none_in_metadata
"843",blocked_403+no_snapshot,blocked_403,no_snapshot,none_in_metadata
"844",blocked_403+no_snapshot,blocked_403,no_snapshot,none_in_metadata
"852",blocked_403+no_snapshot,blocked_403,no_snapshot,none_in_metadata
"853",blocked_403+no_snapshot,blocked_403,no_snapshot,none_in_metadata
"860",blocked_403+no_snapshot,blocked_403,no_snapshot,none_in_metadata
"861",blocked_403+no_snapshot,blocked_403,no_snapshot,none_in_metadata
"865",gone_404+no_snapshot,gone_404,no_snapshot,none_in_metadata
"881",blocked_403+no_snapshot,blocked_403,no_snapshot,none_in_metadata
"882",blocked_403+no_snapshot,blocked_403,no_snapshot,none_in_metadata
"886",host_serves_non_image+no_snapshot,host_serves_non_image,no_snapshot,none_in_metadata
"893",blocked_403+no_snapshot,blocked_403,no_snapshot,none_in_metadata
"894",blocked_403+no_snapshot,blocked_403,no_snapshot,none_in_metadata
"895",host_serves_non_image+no_snapshot,host_serves_non_image,no_snapshot,none_in_metadata
"899",blocked_403+no_snapshot,blocked_403,no_snapshot,none_in_metadata
"900",blocked_403+no_snapshot,blocked_403,no_snapshot,none_in_metadata
"902",blocked_403+no_snapshot,blocked_403,no_snapshot,none_in_metadata
"903",blocked_403+no_snapshot,blocked_403,no_snapshot,none_in_metadata
"908",blocked_403+no_snapshot,blocked_403,no_snapshot,none_in_metadata
"909",blocked_403+no_snapshot,blocked_403,no_snapshot,none_in_metadata
"922",gone_404+no_snapshot,gone_404,no_snapshot,none_in_metadata
"926",blocked_403+no_snapshot,blocked_403,no_snapshot,none_in_metadata
"927",blocked_403+no_snapshot,blocked_403,no_snapshot,none_in_metadata
"931",server_error_5xx+no_snapshot,server_error_5xx,no_snapshot,none_in_metadata
"952",gone_404+no_snapshot,gone_404,no_snapshot,none_in_metadata
"953",gone_404+no_snapshot,gone_404,no_snapshot,none_in_metadata
"957",refused_http_202+no_snapshot,refused_http_202,no_snapshot,none_in_metadata
"975",host_serves_non_image+no_snapshot,host_serves_non_image,no_snapshot,none_in_metadata
"976",fetched_blank+no_snapshot,fetched_blank,no_snapshot,none_in_metadata
"977",fetched_blank+no_snapshot,fetched_blank,no_snapshot,none_in_metadata
"987",blocked_403+no_snapshot,blocked_403,no_snapshot,none_in_metadata
"988",blocked_403+no_snapshot,blocked_403,no_snapshot,none_in_metadata
